<?xml version="1.0" encoding="UTF-8"?>
<project-private xmlns="http://www.netbeans.org/ns/project-private/1">
    <editor-bookmarks xmlns="http://www.netbeans.org/ns/editor-bookmarks/2" lastBookmarkId="0"/>
    <open-files xmlns="http://www.netbeans.org/ns/projectui-open-files/2">
        <group>
            <file>file:/C:/Java%20Programs/JavaApplication1/src/JavaString/string_check_char_present_or_not.java</file>
            <file>file:/C:/Java%20Programs/JavaApplication1/src/JavaString/string_quit.java</file>
            <file>file:/C:/Java%20Programs/JavaApplication1/src/JavaString/string_check_words_present_or_not.java</file>
        </group>
    </open-files>
</project-private>
